{"cameraMode":{"drawMode":0,"name":"Shaded","section":"Shading Mode"},"sceneLighting":false,"audioPlay":false,"sceneViewState":{"showFog":true,"showMaterialUpdate":false,"showSkybox":false,"showFlares":true,"showImageEffects":true,"showParticleSystems":true},"in2DMode":false,"pivot":{"x":-2.6702804565429689,"y":-1.2132010459899903,"z":-0.23209524154663087},"rotation":{"x":-0.06627455353736878,"y":-0.6619400382041931,"z":0.05894170701503754,"w":-0.7442919015884399},"size":13.442268371582032,"orthographic":false}