{"cameraMode":{"drawMode":0,"name":"Shaded","section":"Shading Mode"},"sceneLighting":false,"audioPlay":false,"sceneViewState":{"showFog":true,"showMaterialUpdate":false,"showSkybox":false,"showFlares":true,"showImageEffects":true,"showParticleSystems":true},"in2DMode":false,"pivot":{"x":0.04510709270834923,"y":-0.0029172077775001528,"z":0.02330898493528366},"rotation":{"x":-0.08073660731315613,"y":-0.8994483947753906,"z":0.18806351721286775,"w":-0.38624507188796999},"size":0.43258482217788699,"orthographic":false}