{"cameraMode":{"drawMode":0,"name":"Shaded","section":"Shading Mode"},"sceneLighting":true,"audioPlay":false,"sceneViewState":{"showFog":false,"showMaterialUpdate":false,"showSkybox":false,"showFlares":false,"showImageEffects":false,"showParticleSystems":false},"in2DMode":false,"pivot":{"x":2.072723865509033,"y":-2.8114919662475588,"z":-6.586584091186523},"rotation":{"x":0.3805568218231201,"y":0.32194051146507265,"z":-0.14320646226406098,"w":0.8550007939338684},"size":48.46632385253906,"orthographic":false}