{"cameraMode":{"drawMode":0,"name":"Shaded","section":"Shading Mode"},"sceneLighting":true,"audioPlay":false,"sceneViewState":{"showFog":true,"showMaterialUpdate":false,"showSkybox":true,"showFlares":true,"showImageEffects":true,"showParticleSystems":true},"in2DMode":false,"pivot":{"x":301.7167053222656,"y":170.897216796875,"z":-12.749994277954102},"rotation":{"x":-0.01830855943262577,"y":0.0035980448592454197,"z":-0.00005617582792183384,"w":-0.9998425245285034},"size":602.9271240234375,"orthographic":false}