{"cameraMode":{"drawMode":0,"name":"Shaded","section":"Shading Mode"},"sceneLighting":true,"audioPlay":false,"sceneViewState":{"showFog":true,"showMaterialUpdate":false,"showSkybox":true,"showFlares":true,"showImageEffects":true,"showParticleSystems":true},"in2DMode":false,"pivot":{"x":256.21112060546877,"y":260.29583740234377,"z":-10.663888931274414},"rotation":{"x":-0.00780813954770565,"y":-0.017401166260242463,"z":0.00013757753185927868,"w":-0.9998304843902588},"size":456.8752136230469,"orthographic":false}